institution ,program
Brown university,Africana Studies
Brown university,American Studies
Brown university,Anthropology
Brown university,Applied Mathematics
Brown university,"Archaeology and the Ancient World, Joukowsky Institute for"
Brown university,Behavioral and Social Sciences
Brown university,Biology & Medicine
Brown university,Biomedical Engineering
Brown university,Biostatistics
Brown university,Biotechnology Graduate Program
Brown university,Brown-Pfizer MA Program in Biology
Brown university,Chemistry
Brown university,Classics
Brown university,"Cognitive, Linguistic, and Psychological Sciences"
Brown university,"Commerce, Organizations, & Entrepreneurship C.V. Starr Program"
Brown university,Comparative Literature
Brown university,Computational Biology
Brown university,Computer Science
Brown university,Development Studies
Brown university,Early Cultures
Brown university,"Earth, Environmental and Planetary Sciences"
Brown university,East Asian Studies
Brown university,Ecology and Evolutionary Biology
Brown university,Economics
Brown university,Education
Brown university,Egyptology and Assyriology
Brown university,Engineering
Brown university,English
Brown university,Environmental Studies
Brown university,Epidemiology
Brown university,Executive Master of Healthcare Leadership
Brown university,French Studies
Brown university,Gender and Sexuality Studies
Brown university,German Studies
Brown university,"Health Services, Policy & Practice"
Brown university,Hispanic Studies
Brown university,History of Art and Architecture
Brown university,History
Brown university,IE Brown Executive MBA
Brown university,International Relations Program
Brown university,Italian Studies
Brown university,Judaic Studies
Brown university,Latin American Studies
Brown university,Literary Arts
Brown university,Mathematics
Brown university,Medieval Studies
Brown university,Middle East Studies
Brown university,Modern Culture and Media
Brown university,"Molecular Biology, Cell Biology, and Biochemistry"
Brown university,Music
Brown university,Neuroscience
Brown university,Philosophy
Brown university,Physics
Brown university,Political Science
Brown university,Portuguese & Brazilian Studies
Brown university,Public Health
Brown university,Public Policy
Brown university,Religious Studies
Brown university,Renaissance and Early Modern Studies
Brown university,Science and Technology Studies (STS)
Brown university,Slavic Languages
Brown university,Sociology
Brown university,Statistical Sciences
Brown university,Theatre Arts and Performance Studies
Brown university,Urban Studies Program
Brown university,Visual Art
Launch Academy, Full-stack Web Development
